SMILEs,NAME of TrOCs,MW (Da),log Kow,Molecular charge,log D 
OCCO,"1,2-ethanediol",62.068,-1.36,-7.943282284147075e-09,-1.36
OCCCO,"1,3-Propandiol",76.095,-1.04,-1.584893167342244e-08,-1.04
OCCCCO,"1,4-Butanediol",90.122,-0.83,-3.1622775601683735e-08,-0.83
C1COCCO1,"1,4-Dioxane",88.106,-0.27,0.0,-0.27
O[S](=O)(=O)c1cccc2c1cccc2[S](O)(=O)=O,"1,5-naphthalenedisulfonic acid",288.302,0.6,-0.9997488744367388,-5.388498166232333
OCCCCCO,"1,5-Pentanediol",104.149,-0.1,-1.4791083662905871e-08,-0.1
CCCCO,1-Butanol ,74.1229999999999,0.88,-7.943282340933199e-10,0.88
C[C@]12CC[C@H]3[C@@H](CCc4cc(O)ccc34)[C@@H]1CC[C@H]2O,17α-Estradiol,272.388,4.01,-0.0005367435480184,4.01
C[C@]12CC[C@H]3[C@@H](CCc4cc(O)ccc34)[C@@H]1CC[C@@]2(O)C#C,17α-Ethynilestradiol,296.41,3.67,-0.0004675164674062,3.67
C[C@]12CC[C@H]3[C@@H](CCc4cc(O)ccc34)[C@@H]1CC[C@@H]2O,17β-Estradiol,272.388,4.01,-0.0003466166656815,4.01
Oc1cccc(Cl)c1Cl,"2,3-Dichlorophenol",163.003,2.84,-1.995222505046134e-05,2.84
C1=C(C(=CC(=C1Cl)Cl)Cl)O,"2,4,5-trichlorophenol",195.924,3.72,0.0009618488921233,3.72
Oc1ccc(Cl)cc1Cl,"2,4-dichlorophenol",163.003,3.06,-1.288232956037854e-05,3.06
OC(=O)c1ccc(O)cc1O,"2,4-Dihydroxybenzoic acid",154.120999999999,1.63,-0.4370152718964043,0.366484449996789
Oc1ccc(cc1[N+]([O-])=O)[N+]([O-])=O,"2,4-Dinitrophenol",184.107,1.67,-0.0751727787602884,1.499272516944928
NC(=O)c1c(Cl)cccc1Cl,"2,6-Dichlorobenzamide",190.029,0.77,-1.8620871019891752e-08,0.77
C1=CC(=O)NC=C1 ,2-(1H)-Quinoline,95.1009999999999,1.26,-3.019860522072228e-05,1.26
CCCCOCCOCCO,2-(2-Butoxyethoxy)ethanol,162.228999999999,0.56,-4.2657950060458453e-08,0.56
CCC(C)O,2-Butanol,74.1229999999999,0.61,-2.511886431446471e-11,0.61
CCOCCO,2-Ethoxyethanol,90.122,-0.32,-5.011872085084068e-08,-0.32
COCCO,2-Methoxyethanol,76.095,-0.77,-5.011872085084068e-08,-0.77
O[S](=O)(=O)c1ccc2ccccc2c1,2-Naphthalenesulfonic acid,208.238,0.63,-0.9981413737872996,-2.688829976639888
Oc1ccc2ccccc2c1,2-Naphthol,144.172999999999,2.7,-0.0030807749278255,2.7
OC(=O)c1cc(O)cc(O)c1,"3,5-Dihydroxybenzoic acid",154.120999999999,0.86,-0.9909623162617603,-1.395211954450909
[O-][N+](=O)c1cc(C=O)ccc1Cl,4-Chloro-3-nitrobenzaldehyde,185.565999999999,2.18,0.0,2.18
Oc1ccc(Cl)cc1,4-Chlorophenol,128.558,2.39,-0.003875374493625,2.39
OC(=O)c1ccc(O)cc1,4-Hydroxybenzoic Acid ,138.121999999999,1.58,-0.0280318671516965,1.52282481216321
Cc1ccc(O)cc1[N+]([O-])=O,4-Methyl-3-nitrophenol,153.137,2.1,-0.0021829857714531,2.1
Oc1ccc(cc1)c2ccccc2,4-Phenylphenol,170.211,3.2,-0.0031523091832602,3.2
OC(=O)c1c2ccccc2cc3ccccc13,9-Anthracenecarboxylic acid,222.243,3.85,-0.999969098000638,1.933092793546948
c1cc2cccc3C=Cc(c1)c23,Acenaphthylene,152.195999999999,3.93,0.0,3.93
CC(=O)Nc1ccc(O)cc1,Acetaminophen,151.165,0.49,-3.1622676602e-06,0.49
CC(O)=O,Acetic acid,60.052,2.14,-0.0170811715467934,2.096071680565682
CCCSc1ccc2nc(NC(=O)OC)[nH]c2c1,Albendazole,265.337999999999,2.7,-0.5573116337622925,2.994151264189379
CN(C)C1=C(C)N(C)N(c2ccccc2)C1=O,Aminopyrine,231.299,1.0,-0.99009900990099,1.086808440166027
O.O.O.CC1(C)S[C@@H]2[C@H](NC(=O)[C@H](N)c3ccc(O)cc3)C(=O)N2[C@H]1C(O)=O,Amoxicillin,419.456,0.87,-0.9999912904399576,-2.381549812216026
CC1(C)S[C@@H]2[C@H](NC(=O)[C@H](N)c3ccccc3)C(=O)N2[C@H]1C(O)=O,Ampicillin,349.412,1.35,-0.9998422007010168,-2.208809086313118
Nc1ccccc1,Aniline,93.1289999999999,0.9,-0.9960347143808476,0.6406466870808997
CN1N(C(=O)C=C1C)c2ccccc2,Antipyrine,188.23,0.38,-0.999997488119878,0.7200128184606567
CCNc1nc(Cl)nc(NC(C)C)n1,Atrazine,215.688,2.61,-0.9999949881527824,2.660003760889863
CC(C)N1C(=O)c2ccccc2N[S]1(=O)=O,Bentazon,240.284,2.34,-0.9998005135712784,0.1331434775946789
OC(=O)c1ccccc1,Benzoic acid,122.122999999999,1.87,-0.998391944372599,-0.2874354510652646
N#Cc1ccccc1,Benzonitrile,103.123999999999,1.56,0.0,1.56
[nH]1nnc2ccccc12,Benzotriazole,119.126999999999,1.3,-0.0409126998966793,1.3
OCc1ccccc1,Benzylalcohol,108.139999999999,1.1,-3.981071689686035e-09,1.1
CC(=O)C=Cc1ccccc1,Benzylideneacetone,146.189,2.07,0.0,2.07
Oc1ccc(cc1)C(=O)OCc2ccccc2,Benzylparaben,228.246999999999,3.56,-0.0593509431027676,3.56
CC(C)(Oc1ccc(CCNC(=O)c2ccc(Cl)cc2)cc1)C(O)=O,Bezafibrate,361.825,3.8,-0.9999805019341844,0.572970121964469
CC(C)(c1ccc(O)cc1)c2ccc(O)cc2,Bisphenol A,228.291,3.32,-0.0025055926672857,3.32
OB(O)O,Boric Acid,61.833,0.175,-0.0057214757170903,0.175
OC(=O)CBr,Bromoacetic acid,138.948,0.41,-0.8029091701538159,-2.054439755434213
OC(=O)C(Cl)Br,Bromochloroacetic acid,173.393,0.61,-0.9921193161496696,-2.564912592835439
OC(=O)C(Cl)(Cl)Br,Bromodichloroacetic acid,207.838,1.53,-0.9996612706203316,-1.963822142975559
BrC(Br)Br,Bromoform,252.731,2.4,0.0,2.4
CCCC(O)=O,Butyric acid,88.1059999999999,0.79,-0.0149099413893286,0.7620673564314462
Cn1cnc2N(C)C(=O)N(C)C(=O)c12,Caffeine,194.193999999999,-0.07,-0.0003979487443048,-0.07
CCOc1nc2cccc(C(O)=O)c2n1Cc3ccc(cc3)c4ccccc4c5n[nH]nn5,Candesartan,440.463,5.01,-0.999943567807396,0.4037249467619235
NC(=O)N1c2ccccc2C=Cc3ccccc13,Carbamazepine,236.274,2.45,0.0,2.45
O.CC1=C(N2[C@H](SC1)[C@H](NC(=O)[C@H](N)c3ccccc3)C2=O)C(O)=O,Cephalexin,365.411,0.65,-0.9999799304130438,-3.424138851052106
OCC(NC(=O)C(Cl)Cl)C(O)c1ccc(cc1)[N+]([O-])=O,Chloramphenicol,323.132,1.1,-9.331672125655432e-05,1.1
OC(=O)CCl,Chloroacetic acid,94.497,0.22,-0.8100951586047567,-2.436629979300485
CN(C)C(=O)Nc1ccc(C)c(Cl)c1,Chlortoluron,212.679999999999,2.41,-3.715352152933304e-08,2.41
OC(=O)C=Cc1ccccc1,Cinnamic Acid,148.161,2.13,-0.0437108477356839,2.043119789299707
OC(=O)C1=CN(C2CC2)c3cc(N4CCNCC4)c(F)cc3C1=O,Ciprofloxacin,331.347,0.28,0.7009062548873292,-1.96689089734763
CC(C)(Oc1ccc(Cl)cc1)C(O)=O,Clofibric acid,214.648,2.57,-0.9999868176063924,-0.2271864174035798
CN(CC(O)=O)C(N)=N,Creatine,131.135,-3.72,0.9936934052044928,-3.973078521843911
O=C1CCCCC1,Cyclohexanon,98.145,0.81,-5.011621160218179e-05,0.81
C[C@@H]1C[C@H]2[C@@H]3CCC4=CC(=O)C=C[C@]4(C)[C@@]3(F)[C@@H](O)C[C@]2(C)[C@@]1(O)C(=O)CO,Dexamethasone,392.467,1.83,-7.413047459329147e-06,1.83
[Na].CC(=O)Nc1c(I)c(NC(C)=O)c(I)c(C(O)=O)c1I,Diatrizoate,636.905,0.45,-0.9999991682369206,-0.9950181054563044
OC(=O)C(Br)Br,Dibromoacetic acid,217.844,1.65,-0.9905404124990876,-0.6631023776509091
OC(=O)C(Cl)(Br)Br,Dibromochloroacetic acid,252.289,2.86,-0.9996612706203316,-1.733451427117284
CCCCOC(=O)c1ccccc1C(=O)OCCCC,Dibutyl phthalate,278.348,4.5,-0.9993837849532564,4.5
OC(=O)C(Cl)Cl,Dichloroacetic acid,128.942,0.92,-0.9999998180299472,-2.785109392799795
OC(=O)Cc1ccccc1Nc2c(Cl)cccc2Cl,Diclofenac,296.153,4.51,-0.8762293189310645,2.474210407978376
CCOC(=O)c1ccccc1C(=O)OCC,Diethyl phthalate,222.239999999999,2.47,-0.1262895790549187,2.47
CC\C(c1ccc(O)cc1)=C(\CC)c2ccc(O)cc2,Diethylstilbesterol,268.355999999999,5.07,-0.000660257220388,5.07
O.CC1(C)OC[C@@H]2O[C@]3(OC(C)(C)O[C@H]3[C@@H]2O1)C(O)=O,Dikegulac,292.284,1.35,-0.9999981379163306,-1.950318700935339
COC(=O)c1ccccc1C(=O)OC,Dimethyl phthalate,194.185999999999,1.6,-0.9997370423657156,1.6
O[S](=O)(=O)N(c1ccccc1)c2ccccc2,Diphenylaminosulfonic acid,249.29,2.39,-0.9999532286735304,-1.924798508132155
CN(C)C(=O)Nc1ccc(Cl)c(Cl)c1,Diuron,233.097999999999,2.68,-2.818382136936434e-07,2.68
C[C@]12CC[C@H]3C(=CCc4cc(O)ccc34)[C@@H]1CCC2=O,Equilin,268.356,2.9,-0.0007756450244149,2.9
OC[C@@H](O)[C@@H](O)CO,Erythritol,122.119999999999,-2.29,-1.250258873902973e-07,-2.29
C[C@]12CC[C@H]3[C@@H](CCc4cc(O)ccc34)[C@@H]1C[C@@H](O)[C@@H]2O,Estriol,288.387,2.45,-0.0002883199979169,2.45
C[C@]12CC[C@H]3[C@@H](CCc4cc(O)ccc34)[C@@H]1CCC2=O,Estrone,270.372,3.13,-0.0017751227458097,3.13
CCO,Ethanol,46.069,-0.31,-1.258925410209269e-09,-0.31
CCOC(C)=O,Ethylacetate,88.106,0.73,-0.9919372314813264,0.0
CCOC(=O)c1ccc(O)cc1,Ethylparaben,166.176,2.47,-0.0437108477356839,2.47
CC(C(O)=O)c1cccc(Oc2ccccc2)c1,Fenoprofen,242.274,3.1,-0.9996838722023704,0.844923353837066
C=O,Formaldehyde,30.026,0.35,-5.37031507967257e-07,0.35
OC[C@@H](O)[C@H](O)[C@H](O)[C@@H](O)C=O,Galactose,180.156,-3.24,-3.548121303126307e-06,-3.24
Cc1ccc(C)c(OCCCC(C)(C)C(O)=O)c1,Gemfibrozil,250.337999999999,4.39,-0.9996838722023704,2.343565786698794
OC[C@@H](O)[C@@H](O)[C@H](O)[C@@H](O)C=O,Glucose,180.156,-3.24,-3.548121303126307e-06,-3.24
N[C@@H](CCC(N)=O)C(O)=O,Glutamine,146.146,-3.64,-0.8430219644140362,-3.800221898638986
OC(=O)CCCC(O)=O,Glutaric acid,132.115,-0.29,-0.003875374493625,-0.29
OCC(O)CO,Glycerol,92.094,-1.76,-3.981071547045644e-08,-1.76
OC(=O)C(F)(F)C(F)(F)C(F)(F)F,Heptafluorobutyric acid,214.035999999999,3.93,-0.9999992586903084,-1.120015246565881
N[S](=O)(=O)c1cc2c(NCN[S]2(=O)=O)cc1Cl,Hydrochlorothiazide,297.745,-0.58,0.9921574825585734,-0.58
C[C@]12CCC(=O)C=C1CC[C@H]3[C@@H]4CC[C@](O)(C(=O)CO)[C@@]4(C)C[C@H](O)[C@H]23,Hydrocortisone,362.466,1.61,-2.630261073603865e-06,1.61
CC(C)Cc1ccc(cc1)C(C)C(O)=O,Ibuprofen,206.284999999999,3.97,-0.0593509431027675,3.777434709258662
COc1ccc2n(c(C)c(CC(O)=O)c2c1)C(=O)c3ccc(Cl)cc3,Indomethacin,357.793,4.27,-0.99684769081674,1.454273330286334
CC[C@H](C)[C@H](N)C(O)=O,Isoleucine,131.174999999999,-1.7,0.9999892350070192,-1.603759317827203
CC(C)O,Isopropanol,60.096,0.05,-7.943282346611806e-11,0.05
CC(C)c1ccc(NC(=O)N(C)C)cc1,Isoproturon,206.289,2.87,-8.709635823703039e-09,2.87
CC(C(O)=O)c1cccc(c1)C(=O)c2ccccc2,Ketoprofen,254.285,3.12,-0.9999045098606352,0.8997194702514641
CCN(CC)CC(=O)Nc1c(C)cccc1C,Lidocaine,234.343,2.44,0.8944287193736347,2.44
ClC1C(Cl)C(Cl)C(Cl)C(Cl)C1Cl,Lindane,290.832,3.72,0.0,3.72
CON(C)C(=O)Nc1ccc(Cl)c(Cl)c1,Linuron,249.096999999999,3.2,-2.344173862520751e-05,3.2
[Cl-].CN(C)c1ccc(cc1)[C+](c2ccccc2)c3ccc(cc3)N(C)C,Malachite green,364.92,0.62,-0.9999999942456006,0.62
OC[C@@H](O)[C@@H](O)[C@H](O)[C@H](O)CO,Mannitol,182.172,-3.1,-3.162276660168689e-07,-3.1
Cc1cc(Cl)ccc1OCC(O)=O,MCPA,200.620999999999,3.25,-0.9998825240467272,-0.4526737921536998
CC(Oc1ccc(Cl)cc1C)C(O)=O,Mecoprop,214.647999999999,3.13,-0.9998451423227231,0.0011883482852121
Cc1cccc(Nc2ccccc2C(O)=O)c1C,Mefenamic acid,241.29,5.12,-0.9984176147191982,2.693979543129185
CO,Methanol,32.042,-0.77,-5.011872311153847e-09,-0.77
COC(=O)C(C)=CO,Methyl 3-hydroxy-2-methylacrylate,116.115999999999,0.9,-0.9706857587295497,-1.491877457370485
CCC(C)=O,Methyl ethyl ketone,72.1069999999999,0.29,-1.995262275158161e-08,0.29
CC(C)CC(=O)C,Methyl isobutyl ketone,100.160999999999,1.31,0.0,1.31
COC(C)(C)C,Methyl tert-butyl ether,88.1499999999999,0.94,-0.9999999999936904,1.330000000122125
COC(=O)c1ccc(O)cc1,Methylparaben,152.149,1.96,-0.0306534300317155,1.96
CON(C)C(=O)Nc1ccc(Br)cc1,Metobromuron,259.102999999999,2.38,-1.584890680578658e-06,2.38
COc1ccc(NC(=O)N(C)C)cc1Cl,Metoxuron,228.678999999999,1.64,-1.479108169392074e-07,1.64
Cc1ncc(n1CCO)[N+]([O-])=O,Metronidazole,171.155999999999,-0.02,0.9996830677911888,-0.02
CON(C)C(=O)Nc1ccc(Cl)cc1,Monolinuron,214.652,2.3,-1.584890680578658e-06,2.3
COC(=O)c1ccccc1C([O-])=O,Monomethyl phthalate,179.150999999999,1.13,-0.9999339350200692,1.059576274961112
COc1ccc(NC(C)=O)cc1,N-(4-Methoxyphenyl)acetamide,165.192,1.03,-9.332542137006401e-08,1.03
CC(=O)N[C@@H](CS)C(O)=O,N-acetyl-L-cysteine,163.198,-0.15,-0.8910278616814726,-0.6486985766217621
CC(=O)N[C@@H](Cc1ccc(O)cc1)C(O)=O,N-acetyl-L-tyrosine,223.227999999999,1.32,-0.9999553336359582,-2.905636906643616
CCN1C=C(C(O)=O)C(=O)c2ccc(C)nc12,Nalidixic acid,232.238999999999,1.59,-0.9071699361527148,0.99467355977913
COc1ccc2cc(ccc2c1)C(C)C(O)=O,Naproxen,230.262999999999,3.18,-0.9993086397323668,1.08567052736044
[O-][N+](=O)c1ccccc1,Nitrobenzene,123.110999999999,1.85,-0.9990459185546852,1.809444648180442
CCCCCCCCCc1ccccc1O,Nonylphenol,220.356,5.71,-0.0005620252751523,5.71
CCN1C=C(C(O)=O)C(=O)c2cc(F)c(cc12)N3CCNCC3,Norfloxacin,319.336,-1.03,0.8359071041684609,-3.137803008127174
Oc1ccccc1[N+]([O-])=O,o-Nitrophenol,139.109999999999,1.79,-5.888089837121601e-05,1.79
CC1COc2c(N3CCN(C)CC3)c(F)cc4C(=O)C(=CN1c24)C(O)=O,Ofloxacin,361.373,-0.39,0.8891019191364646,-2.024779808486416
COc1ccc(c(O)c1)C(=O)c2ccccc2,Oxybenzone,228.246999999999,3.79,-0.9090909090909092,3.79
Oc1ccc(cc1)[N+]([O-])=O,p-Nitrophenol,139.109999999999,1.91,-7.07895669208657e-05,1.91
Cc1ccc(C=O)cc1,p-Tolualdehyde,120.150999999999,2.26,0.0,2.26
Oc1c(Cl)c(Cl)c(Cl)c(Cl)c1Cl,Pentachlorophenol,266.337999999999,5.12,-0.0195623038725795,5.080750665578084
OC(=O)C(F)(F)C(F)(F)C(F)(F)C(F)(F)C(F)(F)C(F)(F)F,Perfluoroheptanoic acid,364.056999999999,6.86,-0.99999999837819,1.124999962090103
CCOc1ccc(NC(C)=O)cc1,Phenacetine,179.219,1.58,2.509131802630197e-05,1.58
c1ccc2c(c1)ccc3ccccc23,Phenanthrene,194.185999999999,1.6,-0.9997370423657156,1.6
Oc1ccccc1,Phenol,94.1129999999999,1.67,-0.0009540814453147,1.67
N[C@@H](Cc1ccccc1)C(O)=O,Phenylalanine,165.191999999999,-1.38,0.9999886721558956,-1.326946631175209
CCC1(C(=O)NCNC1=O)c2ccccc2,Primidone,218.256,0.91,0.0001540159060116,0.91
CCC(O)=O,Propanoic Acid ,74.079,0.33,-0.013011048363752,0.3059554321846757
CCCOC(=O)c1ccc(O)cc1,Propylparaben,180.202999999999,3.04,-0.0306534300317155,3.04
c1cc2ccc3cccc4ccc(c1)c2c34,Pyrene,194.185999999999,1.6,-0.9997370423657156,1.6
OC[C@H]1O[C@H](OC[C@H]2O[C@H](O[C@]3(CO)O[C@H](CO)[C@@H](O)[C@@H]3O)[C@H](O)[C@@H](O)[C@@H]2O)[C@H](O)[C@@H](O)[C@H]1O,Raffinose,504.438,-5.104,-1.548814220083273e-06,-5.104
OC(=O)c1ccccc1O,Salicylic acid,138.121999999999,2.26,0.5834965145683255,0.5264537347919747
N[C@@H](CO)C(O)=O,Serine,105.092999999999,-3.07,0.9999905617854518,-2.761049835183246
CCNc1nc(Cl)nc(NCC)n1,Simazine,201.661,2.18,-0.9999958313235432,2.295007520412398
OC[C@H]1O[C@H](O[C@]2(CO)O[C@H](CO)[C@@H](O)[C@@H]2O)[C@H](O)[C@@H](O)[C@@H]1O,Sucrose,342.297,-3.7,-7.585718206734624e-06,-3.7
Nc1ccc(cc1)[S](=O)(=O)Nc2ccc(Cl)nn2,Sulfachloropyridazine,284.728,1.02,-0.9264124438824264,-0.7228665882044951
Nc1ccc(cc1)[S](=O)(=O)Nc2ncccn2,Sulfadiazine,250.283,-0.09,-0.8136122105055866,-0.09
NC(N)=N[S](=O)(=O)c1ccc(N)cc1,Sulfaguanidine,214.25,-0.7,-5.623097041919266e-05,-0.7
Cc1ccnc(N[S](=O)(=O)c2ccc(N)cc2)n1,Sulfamerazine,264.31,0.14,-0.3087638475852372,0.14
Cc1cc(C)nc(N[S](=O)(=O)c2ccc(N)cc2)n1,Sulfamethazine,278.337,0.89,-0.9995563875055626,0.89
Cc1sc(N[S](=O)(=O)c2ccc(N)cc2)nn1,Sulfamethizole,270.339,0.54,-0.999986908536696,-0.46574386724674
Cc1onc(N[S](=O)(=O)c2ccc(N)cc2)c1,Sulfamethoxazole,253.283,0.89,-1.952265506856825,-0.2219804901159829
CN(C)[C@H]1[C@@H]2C[C@H]3C(=C(O)c4c(O)cccc4[C@@]3(C)O)C(=O)[C@]2(O)C(=O)\C(=C(N)/O)C1=O,Tetracycline,444.44,-1.3,-0.3978419068252831,-1.3
CC(C)c1ccc(C)cc1O,Thymol,150.220999999999,3.3,-2.398832861475502e-08,3.3
Cc1ccccc1,Toluene,92.1409999999999,2.73,0.0,0.0
OC(=O)C(Br)(Br)Br,Tribromoacetic acid,296.74,3.33,-0.998343162757957,-1.247441902701456
OC(=O)C(Cl)(Cl)Cl,Trichloroacetic acid,163.387,1.33,-0.9999999676406354,-2.225018328059951
Oc1cc(Cl)ccc1Oc2ccc(Cl)cc2Cl,Triclosan,289.544999999999,4.76,-1.258909563061765e-05,0.0
OCCOCCOCCO,Triethylene glycol,150.174,-1.98,-8.709635899484909e-12,-1.98
N[C@@H](Cc1c[nH]c2ccccc12)C(O)=O,Tryptophane,204.228999999999,-1.06,0.9999961961404268,-1.06
NC(N)=O,Urea,60.056,-2.11,-0.9999998741074746,-3.735003100236046
OC[C@@H](O)[C@H](O)[C@@H](O)CO,Xylitol,152.146,-2.56,-5.011621160218179e-05,-2.56
OC[C@@H](O)[C@H](O)[C@@H](O)C=O,Xylose,150.13,-2.39,-7.244307120384045e-06,-2.39
